{
  "Quantity Request " : {
    "transaction" : "Quantity Request ",
    "sampleCount" : 28592,
    "errorCount" : 0,
    "errorPct" : 0.0,
    "meanResTime" : 0.37206211527700184,
    "medianResTime" : 0.0,
    "minResTime" : 0.0,
    "maxResTime" : 201.0,
    "pct1ResTime" : 1.0,
    "pct2ResTime" : 1.0,
    "pct3ResTime" : 1.0,
    "throughput" : 95.59216861024927,
    "receivedKBytesPerSec" : 0.7970648116959319,
    "sentKBytesPerSec" : 0.0
  },
  "Comment history" : {
    "transaction" : "Comment history",
    "sampleCount" : 60636,
    "errorCount" : 860,
    "errorPct" : 1.4182993,
    "meanResTime" : 4.483656573652661,
    "medianResTime" : 1.0,
    "minResTime" : 0.0,
    "maxResTime" : 803.0,
    "pct1ResTime" : 1.0,
    "pct2ResTime" : 1.0,
    "pct3ResTime" : 3.0,
    "throughput" : 202.16447618476067,
    "receivedKBytesPerSec" : 295.894878774372,
    "sentKBytesPerSec" : 60.21500511362499
  },
  "Goto GuestBook" : {
    "transaction" : "Goto GuestBook",
    "sampleCount" : 16392,
    "errorCount" : 0,
    "errorPct" : 0.0,
    "meanResTime" : 2.1920448999512043,
    "medianResTime" : 2.0,
    "minResTime" : 1.0,
    "maxResTime" : 33.0,
    "pct1ResTime" : 3.0,
    "pct2ResTime" : 3.0,
    "pct3ResTime" : 4.0,
    "throughput" : 54.79910005382293,
    "receivedKBytesPerSec" : 220.07744777336868,
    "sentKBytesPerSec" : 22.04807541228032
  },
  "Send Comments" : {
    "transaction" : "Send Comments",
    "sampleCount" : 16391,
    "errorCount" : 860,
    "errorPct" : 5.246782,
    "meanResTime" : 4.477518150204386,
    "medianResTime" : 2.0,
    "minResTime" : 0.0,
    "maxResTime" : 1021.0,
    "pct1ResTime" : 3.0,
    "pct2ResTime" : 6.0,
    "pct3ResTime" : 9.0,
    "throughput" : 54.800703438960625,
    "receivedKBytesPerSec" : 100.23000880552455,
    "sentKBytesPerSec" : 55.37450434968673
  },
  "Goto Project" : {
    "transaction" : "Goto Project",
    "sampleCount" : 29886,
    "errorCount" : 0,
    "errorPct" : 0.0,
    "meanResTime" : 4.31084788864348,
    "medianResTime" : 4.0,
    "minResTime" : 2.0,
    "maxResTime" : 66.0,
    "pct1ResTime" : 6.0,
    "pct2ResTime" : 6.0,
    "pct3ResTime" : 7.0,
    "throughput" : 99.62498124906246,
    "receivedKBytesPerSec" : 3359.4244165333266,
    "sentKBytesPerSec" : 82.50159252754304
  },
  "Login-0" : {
    "transaction" : "Login-0",
    "sampleCount" : 29886,
    "errorCount" : 0,
    "errorPct" : 0.0,
    "meanResTime" : 0.33125878337682924,
    "medianResTime" : 0.0,
    "minResTime" : 0.0,
    "maxResTime" : 30.0,
    "pct1ResTime" : 1.0,
    "pct2ResTime" : 1.0,
    "pct3ResTime" : 1.0,
    "throughput" : 99.69576878427605,
    "receivedKBytesPerSec" : 33.97834307198471,
    "sentKBytesPerSec" : 56.95510228398583
  },
  "Login-1" : {
    "transaction" : "Login-1",
    "sampleCount" : 29886,
    "errorCount" : 0,
    "errorPct" : 0.0,
    "meanResTime" : 0.5619018938633471,
    "medianResTime" : 1.0,
    "minResTime" : 0.0,
    "maxResTime" : 31.0,
    "pct1ResTime" : 1.0,
    "pct2ResTime" : 1.0,
    "pct3ResTime" : 1.0,
    "throughput" : 99.69876202199737,
    "receivedKBytesPerSec" : 133.58076317791057,
    "sentKBytesPerSec" : 51.991346601315044
  },
  "Logout-1" : {
    "transaction" : "Logout-1",
    "sampleCount" : 29885,
    "errorCount" : 0,
    "errorPct" : 0.0,
    "meanResTime" : 0.5630249288941008,
    "medianResTime" : 1.0,
    "minResTime" : 0.0,
    "maxResTime" : 254.0,
    "pct1ResTime" : 1.0,
    "pct2ResTime" : 1.0,
    "pct3ResTime" : 1.0,
    "throughput" : 99.70340863217666,
    "receivedKBytesPerSec" : 93.35118623514958,
    "sentKBytesPerSec" : 52.57796939587441
  },
  "Logout-0" : {
    "transaction" : "Logout-0",
    "sampleCount" : 29885,
    "errorCount" : 0,
    "errorPct" : 0.0,
    "meanResTime" : 0.3486029780826527,
    "medianResTime" : 0.0,
    "minResTime" : 0.0,
    "maxResTime" : 30.0,
    "pct1ResTime" : 1.0,
    "pct2ResTime" : 1.0,
    "pct3ResTime" : 1.0,
    "throughput" : 99.70374126737352,
    "receivedKBytesPerSec" : 27.457475622460283,
    "sentKBytesPerSec" : 53.94128189660637
  },
  "Authorization" : {
    "transaction" : "Authorization",
    "sampleCount" : 29886,
    "errorCount" : 0,
    "errorPct" : 0.0,
    "meanResTime" : 0.8939971893194107,
    "medianResTime" : 1.0,
    "minResTime" : 0.0,
    "maxResTime" : 33.0,
    "pct1ResTime" : 1.0,
    "pct2ResTime" : 1.0,
    "pct3ResTime" : 2.0,
    "throughput" : 99.68878526183066,
    "receivedKBytesPerSec" : 113.00290038668348,
    "sentKBytesPerSec" : 88.97985638736561
  },
  "Goto SC" : {
    "transaction" : "Goto SC",
    "sampleCount" : 29886,
    "errorCount" : 0,
    "errorPct" : 0.0,
    "meanResTime" : 0.8941644917352606,
    "medianResTime" : 1.0,
    "minResTime" : 0.0,
    "maxResTime" : 33.0,
    "pct1ResTime" : 1.0,
    "pct2ResTime" : 1.0,
    "pct3ResTime" : 2.0,
    "throughput" : 99.68878526183066,
    "receivedKBytesPerSec" : 113.00290038668348,
    "sentKBytesPerSec" : 88.97985638736561
  },
  "Logout" : {
    "transaction" : "Logout",
    "sampleCount" : 29885,
    "errorCount" : 0,
    "errorPct" : 0.0,
    "meanResTime" : 0.9496068261669756,
    "medianResTime" : 1.0,
    "minResTime" : 0.0,
    "maxResTime" : 254.0,
    "pct1ResTime" : 1.0,
    "pct2ResTime" : 1.0,
    "pct3ResTime" : 2.0,
    "throughput" : 99.70307599919931,
    "receivedKBytesPerSec" : 120.80816720845566,
    "sentKBytesPerSec" : 106.51871596008206
  },
  "Clear the database" : {
    "transaction" : "Clear the database",
    "sampleCount" : 740,
    "errorCount" : 0,
    "errorPct" : 0.0,
    "meanResTime" : 0.4351351351351351,
    "medianResTime" : 0.0,
    "minResTime" : 0.0,
    "maxResTime" : 3.0,
    "pct1ResTime" : 1.0,
    "pct2ResTime" : 1.0,
    "pct3ResTime" : 1.0,
    "throughput" : 2.4880054601633343,
    "receivedKBytesPerSec" : 0.02429692832190756,
    "sentKBytesPerSec" : 0.0
  },
  "403 Project" : {
    "transaction" : "403 Project",
    "sampleCount" : 29886,
    "errorCount" : 0,
    "errorPct" : 0.0,
    "meanResTime" : 1.9908987485779486,
    "medianResTime" : 2.0,
    "minResTime" : 1.0,
    "maxResTime" : 27.0,
    "pct1ResTime" : 3.0,
    "pct2ResTime" : 3.0,
    "pct3ResTime" : 4.0,
    "throughput" : 99.68712266259281,
    "receivedKBytesPerSec" : 1154.8714220179088,
    "sentKBytesPerSec" : 43.515592816871695
  },
  "Goto Homepage" : {
    "transaction" : "Goto Homepage",
    "sampleCount" : 27853,
    "errorCount" : 0,
    "errorPct" : 0.0,
    "meanResTime" : 2.5497791979320006,
    "medianResTime" : 2.0,
    "minResTime" : 1.0,
    "maxResTime" : 256.0,
    "pct1ResTime" : 3.0,
    "pct2ResTime" : 3.0,
    "pct3ResTime" : 4.0,
    "throughput" : 93.0586089152907,
    "receivedKBytesPerSec" : 2059.9386711467528,
    "sentKBytesPerSec" : 31.625386623555826
  },
  "Homepage" : {
    "transaction" : "Homepage",
    "sampleCount" : 44245,
    "errorCount" : 0,
    "errorPct" : 0.0,
    "meanResTime" : 2.5019324217425623,
    "medianResTime" : 2.0,
    "minResTime" : 1.0,
    "maxResTime" : 256.0,
    "pct1ResTime" : 3.0,
    "pct2ResTime" : 3.0,
    "pct3ResTime" : 4.0,
    "throughput" : 147.87767379679144,
    "receivedKBytesPerSec" : 3271.3229549632356,
    "sentKBytesPerSec" : 53.572430126169785
  },
  "401 Homepage" : {
    "transaction" : "401 Homepage",
    "sampleCount" : 29886,
    "errorCount" : 0,
    "errorPct" : 0.0,
    "meanResTime" : 2.31974837716655,
    "medianResTime" : 2.0,
    "minResTime" : 1.0,
    "maxResTime" : 60.0,
    "pct1ResTime" : 3.0,
    "pct2ResTime" : 3.0,
    "pct3ResTime" : 4.0,
    "throughput" : 99.66684341640571,
    "receivedKBytesPerSec" : 2206.1995505074888,
    "sentKBytesPerSec" : 39.02951900414028
  },
  "Guestbook" : {
    "transaction" : "Guestbook",
    "sampleCount" : 27853,
    "errorCount" : 0,
    "errorPct" : 0.0,
    "meanResTime" : 2.1375435321150387,
    "medianResTime" : 2.0,
    "minResTime" : 1.0,
    "maxResTime" : 34.0,
    "pct1ResTime" : 3.0,
    "pct2ResTime" : 3.0,
    "pct3ResTime" : 4.0,